keyword,count_recent,count_prior,trend,stock_codes,stock_names,sectors
海南,3,0,🆕集中冒出,000571|603863|000566,新大洲A|海南海药|松炀资源,医疗医药|其他|大消费
减速器,2,0,🆕集中冒出,002921|002031,联诚精密|巨轮智能,机器人
职业服装,2,0,🆕集中冒出,002687,乔治白,大消费
拓展航空,2,0,🆕集中冒出,002687,乔治白,大消费
光纤材料,2,0,🆕集中冒出,605366,宏柏新材,光通信
正丙醇锆,2,0,🆕集中冒出,002584,西陇科学,氧化锆|有色金属
储能调频,2,0,🆕集中冒出,600379,宝光股份,半导体
医药中间体,2,0,🆕集中冒出,000691|002453,华软科技|*ST亚太,医疗医药|半导体
纳米硅,2,0,🆕集中冒出,605366,宏柏新材,光通信
拟收购磷化铟衬底业务,2,0,🆕集中冒出,002674,兴业科技,公告
电力设备,2,0,🆕集中冒出,600379,宝光股份,半导体
存储封测,2,0,🆕集中冒出,600584|000021,深科技|长电科技,半导体
四氯化硅(光纤上游,2,0,🆕集中冒出,603938|600596,新安股份|三孚股份,光通信
摘帽复牌,2,0,🆕集中冒出,600777|300506,ST名家汇|*ST新潮,公告|其他
服务等领域,2,0,🆕集中冒出,002687,乔治白,大消费
流感治疗,2,0,🆕集中冒出,000756|000566,新华制药|海南海药,医疗医药|公告
人工耳蜗,2,0,🆕集中冒出,000566,海南海药,医疗医药
生猪放量,1,0,🆕集中冒出,603717,天域生物,大消费
清洁机器人,1,0,🆕集中冒出,000967,盈峰环境,算力租赁
阿里灵光,1,0,🆕集中冒出,603106,恒银科技,大金融
火锅,1,0,🆕集中冒出,603317,天味食品,公告
激光雷达核心部件,1,0,🆕集中冒出,603297,永新光学,半导体
激光控制系统,1,0,🆕集中冒出,688291,金橙子,光通信
湖北省国资,1,0,🆕集中冒出,000783,长江证券,大金融
间接投资半导体公司,1,0,🆕集中冒出,603116,红蜻蜓,大消费
涤纶工业丝,1,0,🆕集中冒出,002427,尤夫股份,其他
燃料电池,1,0,🆕集中冒出,002921,联诚精密,机器人
牛散重仓,1,0,🆕集中冒出,603630,拉芳家化,大消费
生态环境,1,0,🆕集中冒出,603717,天域生物,大消费
玻纤织机,1,0,🆕集中冒出,002520,日发精机,PCB
防伪瓶盖,1,0,🆕集中冒出,002374,中锐股份,大消费
现金流持续回正,1,0,🆕集中冒出,600708,光明地产,地产
间接持股长鑫科技,1,0,🆕集中冒出,600909,华安证券,其他
间接持股华航直升机,1,0,🆕集中冒出,000042,中洲控股,地产
阿尔兹海默症,1,0,🆕集中冒出,000756,新华制药,公告
物联网,1,0,🆕集中冒出,920035,精创电气,数据中心散热
非甾体抗炎类原料药,1,0,🆕集中冒出,301211,亨迪药业,医疗医药
物业服务,1,0,🆕集中冒出,600743,华远控股,地产
雷鸟,1,0,🆕集中冒出,601011,宝泰隆,数据中心散热
谷歌液冷,1,0,🆕集中冒出,603757,大元泵业,数据中心散热
海洋装备,1,0,🆕集中冒出,300961,深水海纳,其他
高股息,1,0,🆕集中冒出,605377,华旺科技,大消费
高速互联芯片,1,0,🆕集中冒出,000925,众合科技,光通信
民爆,1,0,🆕集中冒出,002497,雅化集团,锂电池
高速光模块,1,0,🆕集中冒出,002025,航天电器,光通信
模拟,1,0,🆕集中冒出,600171,上海贝岭,半导体
核聚变电源,1,0,🆕集中冒出,603015,弘讯科技,半导体
核电模块,1,0,🆕集中冒出,605167,利柏特,公告
林木,1,0,🆕集中冒出,002240,盛新锂能,锂电池
高速铜缆连接,1,0,🆕集中冒出,301310,鑫宏业,机器人
机器人视觉,1,0,🆕集中冒出,002962,五方光电,半导体
机器人润滑油,1,0,🆕集中冒出,600506,统一股份,数据中心散热
高速铜缆连接线(戴尔,1,0,🆕集中冒出,605277,新亚电子,AI硬件
服饰,1,0,🆕集中冒出,600400,红豆股份,公告
高速高频线缆料,1,0,🆕集中冒出,605020,永和股份,美伊战争
高多层HDI,1,0,🆕集中冒出,603386,骏亚科技,PCB
水泥物料输送设备,1,0,🆕集中冒出,001225,和泰机电,其他
水泵,1,0,🆕集中冒出,603757,大元泵业,数据中心散热
海工装备,1,0,🆕集中冒出,002427,尤夫股份,其他
电子氟化液,1,0,🆕集中冒出,600506,统一股份,数据中心散热
海峡两岸双上市,1,0,🆕集中冒出,603122,合富中国,医疗医药
海外业务,1,0,🆕集中冒出,001225,和泰机电,其他
浮式生产储卸油装置,1,0,🆕集中冒出,605167,利柏特,公告
流感治疗(海南,1,0,🆕集中冒出,000566,海南海药,医疗医药
鞋类龙头,1,0,🆕集中冒出,603116,红蜻蜓,大消费
污水处理,1,0,🆕集中冒出,300961,深水海纳,其他
沐曦合作,1,0,🆕集中冒出,603106,恒银科技,大金融
驱动电机龙头,1,0,🆕集中冒出,002196,方正电机,机器人
高压组合电器,1,0,🆕集中冒出,002452,长高电新,其他
汽车结构件,1,0,🆕集中冒出,603210,泰鸿万立,其他
间接客户甲骨文,1,0,🆕集中冒出,605277,新亚电子,AI硬件
问询函澄清,1,0,🆕集中冒出,600400,红豆股份,公告
电子浸没冷却液,1,0,🆕集中冒出,605020,永和股份,美伊战争
酒店,1,0,🆕集中冒出,000691,*ST亚太,医疗医药
醋酸纤维素,1,0,🆕集中冒出,600793,宜宾纸业,大消费
航空航天结构件,1,0,🆕集中冒出,300665,飞鹿股份,公告
航天粉煤,1,0,🆕集中冒出,603698,航天工程,商业航天
航天一院,1,0,🆕集中冒出,603698,航天工程,商业航天
航天UHMWPE,1,0,🆕集中冒出,002427,尤夫股份,其他
腱绳,1,0,🆕集中冒出,002427,尤夫股份,其他
肝素,1,0,🆕集中冒出,002550,千红制药,医疗医药
美国灰岩油,1,0,🆕集中冒出,600777,*ST新潮,公告
网传华为昇腾,1,0,🆕集中冒出,002897,意华股份,AI硬件
缝纫机,1,0,🆕集中冒出,002021,中捷资源,机器人
芯片测试设备,1,0,🆕集中冒出,603061,金海通,半导体
芯片电感,1,0,🆕集中冒出,300835,龙磁科技,AI硬件
调价达成共识,1,0,🆕集中冒出,001206,依依股份,大消费
资产划转,1,0,🆕集中冒出,600172,黄河旋风,培育钻石
资产剥离,1,0,🆕集中冒出,002374,中锐股份,大消费
行星滚柱丝杠,1,0,🆕集中冒出,002031,巨轮智能,机器人
车联网,1,0,🆕集中冒出,300506,ST名家汇,其他
车路协同,1,0,🆕集中冒出,301132,满坤科技,PCB
薄膜铌酸锂调制器,1,0,🆕集中冒出,600877,电科芯片,商业航天
转债赎回暨摘牌,1,0,🆕集中冒出,605167,利柏特,公告
转型城市运营服务商,1,0,🆕集中冒出,600743,华远控股,地产
药兜网创始人入主预期,1,0,🆕集中冒出,002370,亚太药业,医疗医药
荣耀卫星芯片,1,0,🆕集中冒出,600877,电科芯片,商业航天
轮胎特种材料,1,0,🆕集中冒出,603650,彤程新材,半导体
轻量化,1,0,🆕集中冒出,002031,巨轮智能,机器人
金融设备,1,0,🆕集中冒出,603106,恒银科技,大金融
纺织业产业合作,1,0,🆕集中冒出,600843,上工申贝,其他
纸基复合包装材料,1,0,🆕集中冒出,002014,永新股份,其他
碳化硅设备,1,0,🆕集中冒出,002943,宇晶股份,半导体
硫资产注入精想,1,0,🆕集中冒出,600470,六国化工,其他
硝酸甘油,1,0,🆕集中冒出,002038,双鹭药业,医疗医药
长征10号乙,1,0,🆕集中冒出,603698,航天工程,商业航天
石药控股入主,1,0,🆕集中冒出,000908,ST景峰,医疗医药
石英布(斗山,1,0,🆕集中冒出,001359,平安电工,PCB
长鑫产业链,1,0,🆕集中冒出,601133,柏诚股份,半导体
长鑫供应商,1,0,🆕集中冒出,000021,深科技,半导体
电源,1,0,🆕集中冒出,600405,动力源,AI硬件
电子级丙二醇(液冷,1,0,🆕集中冒出,300721,怡达股份,数据中心散热
间接供货比亚迪,1,0,🆕集中冒出,603297,永新光学,半导体
磷化铋,1,0,🆕集中冒出,002672,东江环保,有色金属
钙钛矿电池,1,0,🆕集中冒出,605598,上海港湾,商业航天
铝制换热器,1,0,🆕集中冒出,920662,方盛股份,数据中心散热
糖尿病治疗,1,0,🆕集中冒出,002728,特一药业,医疗医药
锂电正极材料,1,0,🆕集中冒出,002192,融捷股份,锂电池
筹划发行H股,1,0,🆕集中冒出,603650,彤程新材,半导体
第一大股东变更,1,0,🆕集中冒出,000783,长江证券,大金融
空气源热泵,1,0,🆕集中冒出,000551,创元科技,半导体
稳定币结算,1,0,🆕集中冒出,002803,吉宏股份,美伊战争
神经网络,1,0,🆕集中冒出,300961,深水海纳,其他
服务器液冷,1,0,🆕集中冒出,002600,领益智造,数据中心散热
冷链智能控制,1,0,🆕集中冒出,920035,精创电气,数据中心散热
光纤油膏,1,0,🆕集中冒出,002522,浙江众成,光通信
光刻胶基材,1,0,🆕集中冒出,002453,华软科技,半导体
制冷剂,1,0,🆕集中冒出,605020,永和股份,美伊战争
储能BMS,1,0,🆕集中冒出,301366,一博科技,其他
偏光片,1,0,🆕集中冒出,002876,三利谱,其他
债权人变更为信达公司,1,0,🆕集中冒出,000571,新大洲A,其他
供货维谛技术,1,0,🆕集中冒出,603757,大元泵业,数据中心散热
供应处理,1,0,🆕集中冒出,603045,福达合金,AI硬件
人形机器人(智元,1,0,🆕集中冒出,002600,领益智造,数据中心散热
人形机器人(数控螺纹磨床,1,0,🆕集中冒出,002520,日发精机,PCB
创新药获批,1,0,🆕集中冒出,000756,新华制药,公告
半导体洁净技术,1,0,🆕集中冒出,000551,创元科技,半导体
原油运输,1,0,🆕集中冒出,601872,招商轮船,美伊战争
原料药,1,0,🆕集中冒出,301211,亨迪药业,医疗医药
印刷版材制造商,1,0,🆕集中冒出,001279,强邦新材,AI硬件
卫星玻璃(切割设备,1,0,🆕集中冒出,002943,宇晶股份,半导体
卫星,1,0,🆕集中冒出,603386,骏亚科技,PCB
华为核心供应商,1,0,🆕集中冒出,000021,深科技,半导体
半导体级PFA,1,0,🆕集中冒出,605020,永和股份,美伊战争
半导体抛光液,1,0,🆕集中冒出,300665,飞鹿股份,公告
半导体传感器,1,0,🆕集中冒出,603007,顺景科技,机器人
医美,1,0,🆕集中冒出,603630,拉芳家化,大消费
医用耗材,1,0,🆕集中冒出,605369,拱东医疗,医疗医药
医用护理,1,0,🆕集中冒出,605369,拱东医疗,医疗医药
北京零售,1,0,🆕集中冒出,000882,华联股份,公告
化工供应链综合服务,1,0,🆕集中冒出,603713,密尔克卫,其他
化债预期,1,0,🆕集中冒出,002374,中锐股份,大消费
功率芯片,1,0,🆕集中冒出,600171,上海贝岭,半导体
功率半导体,1,0,🆕集中冒出,600360,华微电子,半导体
云算力(庆阳,1,0,🆕集中冒出,000925,众合科技,光通信
智能算力集群建设,1,0,🆕集中冒出,301396,宏景科技,算力租赁
EEPROM芯片,1,0,🆕集中冒出,688123,聚辰股份,半导体
EAA生产装置,1,0,🆕集中冒出,002648,卫星化学,公告
CPO上游,1,0,🆕集中冒出,603725,天安新材,光通信
CPHI展会,1,0,🆕集中冒出,600488,津药药业,医疗医药
BOPP薄膜,1,0,🆕集中冒出,002014,永新股份,其他
AMD供应商,1,0,🆕集中冒出,603061,金海通,半导体
AI服镜,1,0,🆕集中冒出,002047,宝鹰股份,其他
AI数智平台,1,0,🆕集中冒出,603630,拉芳家化,大消费
AI娃娃原材料,1,0,🆕集中冒出,002522,浙江众成,光通信
AI可信数据空间(央企,1,0,🆕集中冒出,000032,深桑达Ａ,半导体
AI医药,1,0,🆕集中冒出,300149,睿智医药,医疗医药
IMU传感器,1,0,🆕集中冒出,603007,顺景科技,机器人
LNG保温板,1,0,🆕集中冒出,002409,雅克科技,半导体
二手车销售,1,0,🆕集中冒出,605151,西上海,其他
中药,1,0,🆕集中冒出,002728,特一药业,医疗医药
中标大单,1,0,🆕集中冒出,600405,动力源,AI硬件
中报预增,1,0,🆕集中冒出,002648,卫星化学,公告
中字头(央企,1,0,🆕集中冒出,002051,中工国际,美伊战争
与五根液续签协议,1,0,🆕集中冒出,600793,宜宾纸业,大消费
三乙胺(VC上游,1,0,🆕集中冒出,603948,建业股份,锂电池
TAC膜国产化,1,0,🆕集中冒出,002876,三利谱,其他
PCIe5.0交换芯片,1,0,🆕集中冒出,600246,万通发展,半导体
PCB(服务器电源,1,0,🆕集中冒出,301132,满坤科技,PCB
OLED面板封装,1,0,🆕集中冒出,002643,万润股份,半导体
MicroLED光互连,1,0,🆕集中冒出,688593,新相微,半导体
MCU芯片,1,0,🆕集中冒出,603015,弘讯科技,半导体
可转债扩产,1,0,🆕集中冒出,603061,金海通,半导体
可转债获批,1,0,🆕集中冒出,002550,千红制药,医疗医药
手势识别,1,0,🆕集中冒出,002962,五方光电,半导体
拟收购坛坛香食品,1,0,🆕集中冒出,603317,天味食品,公告
拟收购中洲龙商置业,1,0,🆕集中冒出,000042,中洲控股,地产
拟投建锂电池负极材料项目,1,0,🆕集中冒出,002192,融捷股份,锂电池
抛光垫,1,0,🆕集中冒出,603650,彤程新材,半导体
抗衰,1,0,🆕集中冒出,603630,拉芳家化,大消费
投资养老机器人,1,0,🆕集中冒出,600400,红豆股份,公告
拟购买资产,1,0,🆕集中冒出,688291,金橙子,光通信
戊酸二氰可龙乳膏,1,0,🆕集中冒出,600488,津药药业,医疗医药
快接换头,1,0,🆕集中冒出,002420,毅昌科技,数据中心散热
快反镜,1,0,🆕集中冒出,688291,金橙子,光通信
影视,1,0,🆕集中冒出,000882,华联股份,公告
彩票,1,0,🆕集中冒出,603863,松炀资源,大消费
彩印,1,0,🆕集中冒出,002014,永新股份,其他
弹型熔喷料,1,0,🆕集中冒出,002522,浙江众成,光通信
开盘啦实控人任董事长,1,0,🆕集中冒出,300085,银之杰,公告
拟购买服务器及配套设备,1,0,🆕集中冒出,001339,智微智能,算力租赁
司法拍卖,1,0,🆕集中冒出,000908,ST景峰,医疗医药
数据安全,1,0,🆕集中冒出,603106,恒银科技,大金融
智慧物流(上海,1,0,🆕集中冒出,605151,西上海,其他
智慧城市,1,0,🆕集中冒出,300506,ST名家汇,其他
显示芯片,1,0,🆕集中冒出,688593,新相微,半导体
日化龙头,1,0,🆕集中冒出,603630,拉芳家化,大消费
无人驾驶环卫车,1,0,🆕集中冒出,000967,盈峰环境,算力租赁
数据中心电源(UPS,1,0,🆕集中冒出,002580,圣阳股份,数据中心散热
数据中心(HVDC,1,0,🆕集中冒出,002364,中恒电气,AI硬件
数据中心(HDVC,1,0,🆕集中冒出,600405,动力源,AI硬件
数字货币,1,0,🆕集中冒出,603106,恒银科技,大金融
收购莱恩光电,1,0,🆕集中冒出,002453,华软科技,半导体
收购北京SKP旗下资产,1,0,🆕集中冒出,000882,华联股份,公告
224G高速连接器,1,0,🆕集中冒出,002025,航天电器,光通信
支原体肺炎药,1,0,🆕集中冒出,002728,特一药业,医疗医药
座椅盖板,1,0,🆕集中冒出,605151,西上海,其他
并购预期,1,0,🆕集中冒出,600909,华安证券,其他
四氯化锗(光纤,1,0,🆕集中冒出,600497,驰宏锌锗,光通信
外延并购,1,0,🆕集中冒出,603317,天味食品,公告
外卖包装,1,0,🆕集中冒出,002803,吉宏股份,美伊战争
复合调味品,1,0,🆕集中冒出,603317,天味食品,公告
塑料防盗瓶盖,1,0,🆕集中冒出,003018,金富科技,数据中心散热
基建(伊朗,1,0,🆕集中冒出,002051,中工国际,美伊战争
土地收储,1,0,🆕集中冒出,600708,光明地产,地产
国际物流,1,0,🆕集中冒出,000571,新大洲A,其他
固态电池(硫化锂新工艺,1,0,🆕集中冒出,002497,雅化集团,锂电池
四氯化硅,1,0,🆕集中冒出,603938,三孚股份,光通信
并购贷款落地,1,0,🆕集中冒出,003018,金富科技,数据中心散热
四川普什,1,0,🆕集中冒出,600793,宜宾纸业,大消费
四川,1,0,🆕集中冒出,002497,雅化集团,锂电池
啤酒拉环盖,1,0,🆕集中冒出,003018,金富科技,数据中心散热
含硫硅烷偶联剂(有机硅,1,0,🆕集中冒出,605366,宏柏新材,光通信
含硫硅烷偶联剂,1,0,🆕集中冒出,605366,宏柏新材,光通信
合作维谛技术,1,0,🆕集中冒出,920662,方盛股份,数据中心散热
司美格鲁肽,1,0,🆕集中冒出,000813,德展健康,医疗医药
婴幼儿奶粉配方,1,0,🆕集中冒出,300149,睿智医药,医疗医药
干散货运输,1,0,🆕集中冒出,601872,招商轮船,美伊战争
巴基斯坦,1,0,🆕集中冒出,603757,大元泵业,数据中心散热
已转出,1,0,🆕集中冒出,600400,红豆股份,公告
工业模块,1,0,🆕集中冒出,605167,利柏特,公告
岩土工程综合服务(西南水电,1,0,🆕集中冒出,605598,上海港湾,商业航天
对位芳纶(光纤,1,0,🆕集中冒出,002254,泰和新材,光通信
实控人筹划重组,1,0,🆕集中冒出,600743,华远控股,地产
实控人拟变更为吉林国资,1,0,🆕集中冒出,600360,华微电子,半导体
宜宾国资,1,0,🆕集中冒出,600793,宜宾纸业,大消费
定增募资10.77亿,1,0,🆕集中冒出,603007,顺景科技,机器人
安费诺,1,0,🆕集中冒出,605277,新亚电子,AI硬件
宁德时代拟入股,1,0,🆕集中冒出,002364,中恒电气,AI硬件
存储设备,1,0,🆕集中冒出,603061,金海通,半导体
黄山市供销社,1,0,🆕集中冒出,002014,永新股份,其他
